major,minor,18
2,"[1, 2]",0.0017633
2,"[1, 3]",0.00129
3,"[1, 2]",5.78e-05
3,"[1, 3]",4.88e-05
